"species","mean_richness","sum_richness"
"BLPW_contemporary",1.11411294288711,125.894762546243
"BLPW_historic",1.11473364993592,125.964902442759
"BTBW_contemporary",1.09569275031981,123.813280786139
"BTBW_historic",1.10122983909542,124.438971817783
"PRAW_contemporary",1.07960198387577,121.995024177962
"PRAW_historic",1.07961235081217,121.996195641776
"YRWA_contemporary",1.07010333864721,120.921677267135
"YRWA_historic",1.06874333891876,120.76799729782
