"Species","Species_code","pi_mean_percent_change","pi_CI_lower","pi_CI_upper","pi_p"
"Blackpoll Warbler","blpw",-9.42654241619827,-9.42654241619858,-9.4265424161979,0.324126347721264
"Black-throated Blue Warbler","btbw",-14.7811718142445,-14.7811718142462,-14.7811718142432,0.131117773114648
"Prairie Warbler","praw",-13.7859463649607,-13.7859463649613,-13.7859463649602,0.193687244173905
"Yellow-rumped Warbler","yrwa",-9.98791278599004,-9.98791278599156,-9.98791278598796,0.387239284274626
