"Species","Species_code","Fis_mean_percent_change","Fis_CI_lower","Fis_CI_upper","Fis_p"
"Blackpoll Warbler","blpw",-0.956068731531139,-9.52155647788789,5.9507202330339,0.915190899605737
"Black-throated Blue Warbler","btbw",44.9516033231276,18.9914794027581,97.9769795304949,0.512935798647002
"Prairie Warbler","praw",14.7250077986898,-84.1598211500468,90.8854112509098,0.855009251333954
"Yellow-rumped Warbler","yrwa",143.293605072121,102.295488581056,227.336947220522,0.0383396652215588
