"Species","Species_code","AR_mean_percent_change","AR_CI_lower","AR_CI_upper","AR_p"
"Blackpoll Warbler","blpw",-0.0556820948978076,-0.0556820948978077,-0.0556820948978077,0.977164040920099
"Black-throated Blue Warbler","btbw",-0.50280954792862,-0.50280954792862,-0.50280954792862,0.792613876508657
"Prairie Warbler","praw",-0.000960246184349152,-0.000960246184349317,-0.000960246184349317,0.999566755695253
"Yellow-rumped Warbler","yrwa",0.127252229691247,0.127252229691247,0.127252229691247,0.941078488930277
